,0,1,2,3,4,5,6,7,8,9,10,11,12,13,14,15,16,17,18,19,20,21,22,23,24,25,26,27,28,29,30,31,32,33,34,35,36,37,38,39,40,41,42,43,44,45,46,47,48,49,50,51,52,53,54,55,56,57,58,59,60,61,62,63,64,65,66,67,68,69,70,71,72,73,74,75,76,77,78,79,80,81,82,83,84,85,86,87,88,89,90,91,92,93,94,95,96,97,98,99,100,101,102,103,104,105,106,107,108,109,110,111,112,113,114,115,116,117,118,119,120,121,122,123,124,125,126,127,128,129,130,131,132,133,134,135,136,137,138,139,140,141,142,143,144,145,146,147,148,149,150,151,152,153,154,155,156,157,158,159,160,161,162,163,164,165
0,0.00890095,0.0039269994,0.0040805517,0.0076120733,0.0022578032,0.003126896,0.0036191498,0.00652913,0.0025407292,0.002572002,0.0022826218,0.009625953,0.0029873361,0.0009853209,0.0070183827,0.01915255,0.021848628,0.00388975,0.0072288723,0.0072225337,0.008197968,0.009619578,0.001577981,0.002717751,0.007882437,0.0029853242,0.0031029386,0.0061081657,0.008323918,0.005491274,0.0030842535,0.003982119,0.0077065425,0.0060189213,0.007873719,0.013735445,0.010415384,0.021633126,0.013721512,0.005311409,0.0043196706,0.017979769,0.00470318,0.002742295,0.00153774,0.003167322,0.021268608,0.004056196,0.0036937776,0.005527474,0.0035613752,0.008402034,0.0017854515,0.0067662154,0.009164954,0.022088807,0.004067952,0.0056504463,0.0009984995,0.047763906,0.0114774285,0.025695525,0.0049982653,0.007385893,0.0055303033,0.005500868,0.005699508,0.0038124926,0.0041295984,0.012822789,0.00317124,0.003952994,0.0047021843,0.0037559366,0.003463438,0.03792566,0.003217475,0.0050492478,0.0031415813,0.014796073,0.003375674,0.0030398504,0.0016156621,0.00670046,0.0051545887,0.0087772785,0.022893969,0.0057998616,0.0028474566,0.0020628956,0.010937183,0.00466858,0.0040970487,0.05567066,0.009523897,0.0058399606,0.008263379,0.006042574,0.0019443684,0.017510517,0.0013353399,0.0048191724,0.0053487453,0.025601387,0.0057325945,0.004706183,0.0039361343,0.0020651722,0.004622488,0.0077673863,0.0043998854,0.0063949856,0.024120297,0.0051490455,0.016045898,0.0058503267,0.0044984547,0.0031807537,0.00397333,0.0052837916,0.0025985467,0.04186332,0.0043805162,0.003440557,0.0037869036,0.012804027,0.0057322765,0.045296058,0.02161407,0.004150041,0.0060913116,0.00801536,0.005106929,0.0025499698,0.005081124,0.007949508,0.0074372166,0.0008621801,0.004501588,0.011189516,0.015899198,0.0032379737,0.011828466,0.01779551,0.009389942,0.008165558,0.0042885114,0.0023259593,0.0056551555,0.0042141406,0.006105778,0.02408529,0.004401331,0.006883145,0.01841034,0.0042547463,0.0395076,0.015641505,0.0030121142,0.0044490723,0.012667901,0.00084722176,0.0052574417,0.0024508457,0.00897208,0.005099908
0,0.011992064,0.004179633,0.00516842,0.008766657,0.0015902149,0.0053453827,0.0041591977,0.006302432,0.007410162,0.003013727,0.0031757546,0.0030990855,0.009720343,0.002982724,0.0014571345,0.023275306,0.019922204,0.010309653,0.006312337,0.020330772,0.009386931,0.0025898865,0.0110602835,0.00635374,0.0028393082,0.0049471688,0.0075616348,0.007110146,0.00256837,0.005110072,0.00887499,0.0023062793,0.009251526,0.007851698,0.011313722,0.0043782666,0.016173748,0.012820737,0.02087401,0.018852992,0.0066535873,0.0065562874,0.020907689,0.004497846,0.006133762,0.005194597,0.023543168,0.004239628,0.002005054,0.0072497693,0.0045969826,0.001850455,0.009762099,0.009948431,0.017128326,0.0056737293,0.0077231186,0.0013955296,0.0417219,0.00565456,0.013055747,0.020176753,0.0068481513,0.009480822,0.00656142,0.006738118,0.005054158,0.0047465395,0.014823527,0.01721515,0.005888472,0.0050423485,0.004816776,0.004613755,0.00261622,0.03872728,0.0037559383,0.00731907,0.004606648,0.0048905085,0.005938555,0.013409933,0.0054101753,0.0089043155,0.016074004,0.002709196,0.0062064603,0.009692225,0.030455356,0.009087313,0.020406334,0.0073332638,0.002836198,0.019626478,0.006142434,0.055566188,0.00912343,0.008187639,0.010503419,0.0027111652,0.010956905,0.019858018,0.0052712904,0.007012642,0.032453742,0.0062360032,0.0020154736,0.006677548,0.0063419347,0.0050196727,0.0025760601,0.007263551,0.0020985415,0.0056437757,0.009602911,0.0055900626,0.030507423,0.005277302,0.018132364,0.0075006853,0.0052703233,0.0040589287,0.0032480515,0.05042956,0.0041362164,0.005338278,0.015467582,0.007517366,0.041934654,0.01990631,0.0050207926,0.005963818,0.0094579095,0.006790035,0.0025593014,0.0063692774,0.0044126534,0.009445672,0.011230129,0.006522666,0.015143027,0.0068926793,0.021839937,0.015216699,0.006512101,0.012670311,0.0197706,0.011961391,0.009455063,0.0027221357,0.0077121453,0.0056323,0.007791631,0.006023719,0.02835545,0.009966679,0.024258105,0.0052134097,0.015094837,0.012539422,0.030241525,0.0043444484,0.0066867983,0.0039400696,0.0100503,0.00671649
0,0.0032465004,0.008471133,0.003303906,0.004203581,0.0038259337,0.008044408,0.008103965,0.003459183,0.0086361645,0.008688096,0.002717314,0.0027478572,0.013645497,0.0031133785,0.008779237,0.035387892,0.028057767,0.0038771476,0.011227089,0.0093344925,0.008584974,0.016558673,0.012950981,0.014151868,0.0022594924,0.0068124174,0.0033499205,0.0076476657,0.0064910213,0.0048549953,0.00697825,0.008397411,0.0077207624,0.008224647,0.0044281404,0.010190747,0.0046150056,0.024144346,0.014551187,0.023431027,0.0145415915,0.0065757832,0.0060644248,0.008518859,0.0039061736,0.0070434404,0.0033670685,0.020682238,0.002953083,0.0042243944,0.008477151,0.0046823933,0.013216657,0.0033336433,0.0076107155,0.012870391,0.006654265,0.0030999898,0.027796693,0.0139181875,0.004270541,0.011540099,0.005302073,0.006744855,0.0078082676,0.004849276,0.0056325505,0.021584274,0.026985545,0.004027106,0.0062440103,0.0052158753,0.0036917513,0.0030060816,0.017826173,0.011595755,0.06823315,0.002433244,0.00851832,0.007943621,0.006607964,0.0048613027,0.0046546836,0.019622885,0.0038308254,0.004413437,0.006425996,0.0071383608,0.0048776832,0.032852795,0.014684884,0.0066441274,0.0029621148,0.013769193,0.0054941243,0.0038275933,0.006015134,0.0060933125,0.011343395,0.0026696434,0.010456996,0.025574304,0.0021454878,0.004888585,0.044669066,0.0023682904,0.0071115033,0.005093609,0.0096788695,0.004932026,0.0021579342,0.0065057855,0.0053121476,0.009762211,0.00418465,0.011514355,0.038410984,0.007103837,0.021532279,0.008558671,0.005267357,0.0040889164,0.0050022844,0.0032233712,0.06477522,0.0049876836,0.004739465,0.0050787595,0.011582619,0.0067785606,0.024476198,0.014109645,0.0041247047,0.0052103414,0.0049945195,0.003012107,0.006695844,0.0030770618,0.009143695,0.0036412335,0.0039696144,0.018958494,0.008812708,0.019604035,0.023203468,0.010191493,0.007866749,0.008243248,0.0030273355,0.005466378,0.0041874778,0.0053733326,0.0048133964,0.021910004,0.0068026753,0.02271058,0.0038082262,0.06365206,0.025717132,0.0030868542,0.01748535,0.010080604,0.0023507555,0.006907693,0.010426355,0.005036472
0,0.044497192,0.0030483685,0.0043680645,0.004099433,0.002549292,0.0038717296,0.012077476,0.0077769225,0.013066972,0.0057195416,0.002748997,0.002050167,0.0017456291,0.008938495,0.0026676254,0.007549038,0.031117873,0.011636837,0.0053063002,0.0031228631,0.0027048676,0.006979311,0.0070945304,0.012801886,0.0040942733,0.013951138,0.0013947417,0.007998881,0.007579809,0.0043706927,0.0016839346,0.0052290894,0.0041509736,0.0063921697,0.004312347,0.00633958,0.009357114,0.012195983,0.01825309,0.020640947,0.0040414464,0.002548058,0.008315318,0.01864918,0.0018878101,0.0047715367,0.0014974024,0.001381166,0.0021818432,0.0026756972,0.014498318,0.005307005,0.006854196,0.0018777067,0.0039222795,0.017013956,0.0052942475,0.0036981707,0.0057726055,0.0055878237,0.0032620805,0.0040151835,0.0038720074,0.01132662,0.0035836094,0.00337969,0.006540581,0.0039624246,0.0025742424,0.005773156,0.0067941137,0.008345441,0.04751674,0.0048147286,0.0048521487,0.004568737,0.0055417935,0.012458703,0.04165413,0.04469472,0.0017546036,0.017079264,0.031424448,0.005304795,0.0063817715,0.0022565413,0.004520243,0.009089507,0.0011988471,0.0027101557,0.0033754155,0.014222899,0.015781725,0.012054626,0.0067692185,0.006163075,0.0021709432,0.0036097807,0.008718358,0.006037905,0.006003937,0.008015446,0.012225465,0.018704986,0.0021498052,0.0019504265,0.0046339897,0.049469635,0.002087861,0.0044611567,0.0061208517,0.0028158124,0.0048666555,0.0045330836,0.002073875,0.011308671,0.0040800385,0.060523573,0.006288892,0.011917464,0.013110242,0.0056276224,0.0044639423,0.0011233633,0.0034593148,0.06746035,0.004990337,0.0028210133,0.012118988,0.0030866868,0.007096069,0.004131407,0.005106762,0.005379552,0.0038314334,0.0035909126,0.005218613,0.0033306838,0.002720509,0.007611314,0.017808558,0.0038020532,0.0077378666,0.004363592,0.006604766,0.01855262,0.0027465248,0.003373475,0.020612251,0.011590729,0.001611217,0.002300006,0.0047192853,0.0041891127,0.003996036,0.014580167,0.0049763587,0.014518525,0.004948242,0.061649434,0.014689312,0.01743759,0.009770151,0.011210518,0.010026493,0.003768008
0,0.0052886484,0.0037140574,0.0047855717,0.0014198918,0.0029386042,0.003123895,0.0036591962,0.0036377455,0.0056776125,0.0065239915,0.0026956121,0.0027973305,0.0023985032,0.005921894,0.016779833,0.0038803252,0.008519004,0.0071696965,0.01818656,0.0074664582,0.0022681237,0.011118588,0.012514613,0.0030541993,0.0059742727,0.003210738,0.0033630657,0.0062009543,0.005894524,0.005287046,0.0044367127,0.0063579376,0.0055054817,0.00892525,0.008912723,0.01679288,0.0055729924,0.0047727395,0.0059501072,0.010006473,0.0031856785,0.0032896616,0.0051749945,0.001507992,0.0041951323,0.020646583,0.005641628,0.0033923758,0.0040082694,0.0063069104,0.0034050648,0.009430194,0.0017005879,0.007882854,0.00808548,0.016489575,0.0022963414,0.015890837,0.0069163837,0.005251495,0.00887497,0.01858395,0.005213976,0.008204306,0.0058790618,0.005759184,0.0040457016,0.0039898218,0.011434675,0.0044016256,0.004572514,0.0038649563,0.003315103,0.014498735,0.060124014,0.0025972938,0.033593252,0.0030179624,0.005745856,0.007132438,0.0036190946,0.0040916568,0.006442429,0.011340838,0.0043941215,0.0030914918,0.0021309096,0.0067948345,0.010656742,0.0019505575,0.0054363427,0.027197463,0.004394418,0.010230765,0.005971082,0.0023913546,0.012767372,0.005316334,0.004467754,0.006990192,0.006515119,0.0023690185,0.008861348,0.015071128,0.0013448072,0.005302891,0.031900357,0.0015945056,0.005177236,0.0045857397,0.0043088943,0.00190097,0.0055178003,0.015100963,0.0017166652,0.004453341,0.008318284,0.0041655186,0.0066469754,0.0270227,0.0048472765,0.012784421,0.006878922,0.004843476,0.0043172985,0.0027348343,0.054865997,0.0040644165,0.0044112024,0.010751698,0.0064849504,0.03282769,0.0164927,0.0043402077,0.0050910045,0.006729548,0.0053666723,0.0020976637,0.0054913443,0.007996981,0.008648948,0.00079750776,0.004898702,0.014756561,0.006907167,0.019469583,0.01215969,0.0038257812,0.008499075,0.007851397,0.0045399894,0.002520176,0.0066039776,0.004641126,0.00616099,0.02639026,0.0075110327,0.02185186,0.004229384,0.033840302,0.013901994,0.0039396132,0.011295553,0.0062068226,0.008197294,0.005185581
0,0.010170162,0.0044143526,0.004254777,0.0011579893,0.0019431167,0.0032239335,0.0023879851,0.008472447,0.0035939952,0.0071886163,0.0023588233,0.0019415221,0.008640836,0.0009325814,0.019770646,0.0039433013,0.007185238,0.005335256,0.02290237,0.0076485556,0.0015477048,0.0105270045,0.009078995,0.005843619,0.0076936083,0.0022776881,0.0030476465,0.0058209472,0.008820155,0.005071122,0.004846543,0.0027298306,0.0046934555,0.007890864,0.0013508262,0.0068231015,0.006978669,0.007837394,0.012542014,0.009792052,0.0048823976,0.0038319433,0.02642561,0.0037814819,0.0025713842,0.002964483,0.02299747,0.003708967,0.003703764,0.006534264,0.003250478,0.001745413,0.0066413265,0.008017139,0.020293556,0.0038006757,0.002155411,0.0057793777,0.04487938,0.007741861,0.0048656208,0.009393446,0.0050953035,0.004786704,0.0051757484,0.0032839363,0.0045017484,0.017539531,0.019084247,0.0051246677,0.0031374772,0.0034743932,0.0030884733,0.011856008,0.0015647755,0.044101838,0.003222593,0.0039314725,0.0046868515,0.0033278263,0.003071491,0.0064071836,0.0169436,0.0032070163,0.007113352,0.0049026944,0.007937536,0.023880802,0.0055369837,0.01670728,0.006934289,0.002697129,0.0017231732,0.020010926,0.004847684,0.058170445,0.008733636,0.005462154,0.0061161146,0.0016221592,0.009831124,0.01931713,0.0012027022,0.0050124144,0.026792623,0.0012148798,0.0053081624,0.004356471,0.008633025,0.0035388074,0.0021107802,0.004445156,0.012738177,0.0014524388,0.0045133047,0.0078120176,0.0037658932,0.024024075,0.0044517554,0.004530214,0.017751457,0.0064683696,0.0041917656,0.0040373835,0.002187605,0.043265272,0.0024920332,0.0030432467,0.003628623,0.013826207,0.0066917827,0.03462634,0.01944091,0.003862672,0.004611977,0.0023160076,0.004067295,0.0022710832,0.0077992585,0.004052278,0.013335653,0.0049901498,0.015905548,0.012718684,0.0032505302,0.0040748855,0.011745856,0.025154326,0.010708837,0.0029680396,0.0012746165,0.0051502497,0.0038311314,0.0055692913,0.025513452,0.0063322424,0.020772263,0.0038323838,0.015831195,0.023413062,0.0043587256,0.0006595037,0.0054231016,0.0024732982,0.0101771625,0.0047059194
0,0.015582558,0.0056423126,0.003517283,0.0033960633,0.0071852794,0.0022510567,0.0027064618,0.007240362,0.0029066727,0.008743685,0.0060172044,0.0022050575,0.0017179275,0.0029081851,0.0011118811,0.006616869,0.028778069,0.0032137444,0.009124813,0.005897763,0.01542298,0.006397899,0.0015161321,0.006714871,0.0020011228,0.0038810445,0.0030780754,0.008494134,0.0051399865,0.0016697,0.006239958,0.0023824119,0.0041817673,0.009509334,0.016975902,0.011113363,0.007917012,0.00400606,0.005115049,0.024533812,0.011811051,0.0033321893,0.0029636587,0.0019979598,0.0026118972,0.014780789,0.0031182172,0.0030522936,0.0033457202,0.0036186823,0.008481942,0.003573807,0.0074896566,0.00276961,0.006718796,0.007712445,0.0076626255,0.0035330462,0.006534075,0.008203075,0.00617711,0.0048502795,0.01042024,0.0049097505,0.005692321,0.006551156,0.0031167753,0.005290103,0.018019222,0.006641034,0.004431638,0.0035100386,0.0025484846,0.009234208,0.0073435213,0.03672753,0.050246462,0.0020668595,0.0027831316,0.009428062,0.016861364,0.0032844422,0.003172665,0.0050402177,0.012295985,0.0057255323,0.029852705,0.011352431,0.005950829,0.0030595688,0.0022375442,0.007177371,0.014008921,0.004831443,0.002752441,0.023919592,0.004529152,0.0051739565,0.005449502,0.008493996,0.013531959,0.0040510623,0.005049356,0.031005815,0.002567674,0.0017965151,0.005206297,0.00371692,0.005952514,0.00387494,0.0019156676,0.0022968494,0.00437227,0.009179987,0.0034571998,0.037254624,0.0043364586,0.0050260546,0.015825905,0.007110678,0.004163679,0.0030086564,0.0038444954,0.0020210585,0.06491882,0.003955768,0.0034691752,0.0043444545,0.008693647,0.006339393,0.009823764,0.008312751,0.0040946775,0.010992281,0.004170278,0.002614144,0.0048859757,0.0027466305,0.0026254398,0.007566041,0.008276504,0.004037034,0.013002008,0.016205061,0.025310623,0.0032139733,0.0065210476,0.018986503,0.013077332,0.004483859,0.0024491185,0.005159381,0.0038047547,0.005347038,0.003803099,0.022886917,0.005745472,0.021343226,0.0040610847,0.015938258,0.0046308697,0.006137368,0.0016584448,0.00611737,0.006341856,0.0047413977
0,0.01928978,0.019222174,0.019252457,0.019185655,0.019264096,0.019276906,0.019186473,0.01925381,0.019194683,0.019173415,0.019181874,0.019222042,0.019156845,0.019148381,0.019334061,0.019231638,0.01921173,0.019237233,0.019158315,0.019116238,0.019131511,0.019131878,0.019227136,0.019163368,0.019184798,0.01917945,0.01929037,0.019239103,0.01907795,0.019264478,0.019151587,0.019237898,0.019199312,0.01923224,0.019178042,0.01921111,0.01918885,0.019186849,0.01919688,0.01921075,0.019220158,0.01917707,0.019168288,0.01915814,0.019213496,0.019210076,0.01922516,0.019167453,0.019238928,0.01921291,0.019255016,0.019067785,0.01915647,0.019237466,0.019255117,0.019224156,0.01923367,0.01919915,0.019194804,0.019147087,0.019223332,0.019209528,0.01918287,0.019151516,0.019233929,0.019190637,0.019239068,0.01921519,0.019208856,0.019222101,0.019210702,0.019215474,0.019226057,0.019016413,0.019065274,0.019263191,0.01918082,0.019209335,0.019242136,0.019226622,0.019208392,0.019222358,0.019199379,0.01923471,0.019224295,0.019228427,0.01926216,0.019242348,0.019233746,0.019209923,0.019237278,0.019152971,0.019210003,0.019237794,0.019228116,0.019179218,0.019238442,0.019209709,0.019183924,0.019204894,0.01926337,0.019227285,0.019110732,0.019247463,0.019198302,0.0192448,0.019227521,0.019212825,0.019230852,0.019236801,0.019240174,0.01925929,0.01922938,0.019267183,0.019257788,0.01927688,0.019178092,0.019217607,0.019246684,0.019139387,0.01911969,0.019189766,0.019214174,0.01919193,0.019286301,0.019232154,0.019210925,0.019181555,0.019204048,0.01924371,0.019191753,0.01919793,0.019172672,0.01922297,0.0192292,0.01924236,0.019196214,0.019230872,0.019019365,0.01923855,0.019184768,0.019134877,0.019218579,0.019192953,0.01927207,0.019300647,0.01918161,0.01919679,0.019113248,0.019233666,0.01922715,0.01924171,0.01917516,0.019242298,0.019184355,0.019244751,0.019130375,0.01923734,0.019183744,0.019200757,0.01915776,0.019182442,0.019210063,0.019156873,0.01918133,0.019278636
0,0.018061647,0.01781128,0.017752172,0.01879582,0.018211924,0.017724466,0.01777676,0.017593194,0.017989589,0.017771706,0.017537016,0.016381528,0.018691823,0.017727463,0.01998901,0.017893003,0.018115368,0.0181416,0.017677266,0.017787995,0.01778846,0.018103201,0.0173237,0.018055195,0.01810309,0.017668754,0.017800245,0.017646644,0.017241469,0.017667811,0.017822167,0.017888319,0.017478306,0.017523212,0.018052876,0.01781721,0.01774067,0.017718263,0.018102065,0.0179695,0.017898727,0.01791648,0.017747426,0.018163845,0.017796969,0.018028269,0.017600168,0.01785664,0.019547412,0.01754087,0.017991345,0.018327892,0.017438268,0.017273631,0.01811279,0.017730735,0.017028052,0.018244449,0.017706051,0.018088827,0.01786133,0.017729132,0.017887766,0.018277673,0.018045055,0.019990671,0.01769971,0.018113276,0.017552081,0.017830374,0.017948879,0.018132415,0.017688032,0.018252017,0.018129231,0.018155176,0.016556982,0.018202646,0.017568296,0.017845295,0.017864529,0.017542867,0.01774371,0.0176554,0.018468803,0.017894711,0.017795002,0.018187903,0.018184325,0.018024838,0.018040974,0.01779953,0.017880186,0.01793342,0.019625358,0.018001277,0.019579288,0.017617507,0.018192196,0.01794051,0.017944617,0.018038034,0.022492692,0.020460535,0.018112535,0.017702429,0.01716418,0.017694196,0.01783826,0.017847117,0.020690503,0.02363311,0.017814932,0.018429192,0.018076524,0.02282713,0.01775096,0.01808974,0.018040191,0.018010927,0.017883042,0.018560797,0.018590348,0.017779324,0.016743785,0.0181108,0.019076973,0.01840032,0.017915625,0.017777901,0.017934512,0.01971405,0.017590186,0.01957068,0.017596789,0.019735482,0.017139526,0.017938392,0.018106528,0.014865543,0.01830176,0.018067153,0.018032815,0.01836132,0.017960137,0.01797147,0.017840523,0.017495234,0.017307188,0.018007835,0.019771302,0.021093335,0.017942645,0.019367004,0.01799736,0.02091796,0.018237488,0.017908797,0.020153485,0.018093273,0.017870594,0.018042827,0.018095404,0.017379753,0.017830124,0.019365767
0,0.0049648476,0.004042625,0.00520942,0.0058985353,0.0030539497,0.0064980052,0.0038813115,0.003712708,0.0054936237,0.002800071,0.0026275595,0.006475839,0.0013270834,0.01297648,0.01506364,0.0033900875,0.008775122,0.0059282696,0.006996848,0.002164679,0.008877361,0.008227616,0.008572134,0.0016589004,0.005341355,0.005326076,0.0021977697,0.0061240927,0.005210057,0.0029913296,0.002239183,0.00407974,0.0061513013,0.001757489,0.007142563,0.0047001834,0.009371681,0.010793422,0.00806476,0.016440086,0.011094781,0.0068438975,0.0037994822,0.012458192,0.0023881418,0.0029884737,0.0042240215,0.0028746596,0.016075797,0.003430207,0.0036268216,0.00541296,0.0038059924,0.001946821,0.009007689,0.0053530643,0.0023058227,0.012530876,0.007008088,0.0013584702,0.026205521,0.0053011104,0.006289694,0.0068952255,0.0042800107,0.007023156,0.0039755763,0.0037893655,0.009313219,0.003110732,0.0045131976,0.004853491,0.004488745,0.0036242448,0.003948093,0.0115252,0.023171505,0.0025217698,0.0062384563,0.005855168,0.0037389477,0.010338745,0.0033537245,0.0072637885,0.015621959,0.002011526,0.0053603686,0.022280479,0.00963195,0.006402656,0.0106596295,0.0062529016,0.029869623,0.007017664,0.007201059,0.0023682127,0.012683412,0.006615302,0.024877306,0.0018452178,0.0047252714,0.004567555,0.010137888,0.0049540633,0.0023341654,0.01093673,0.008786398,0.005261122,0.024268722,0.004145025,0.0051780865,0.011114385,0.0075053615,0.00580418,0.0038171732,0.0033773745,0.0043509603,0.002199213,0.039648026,0.0050742296,0.0028057832,0.0043435735,0.004860507,0.00936001,0.0051463665,0.025982125,0.01665597,0.004899883,0.004081612,0.0058125206,0.006407221,0.0018452695,0.0061217337,0.0023361393,0.007488307,0.009530115,0.0011718979,0.004947751,0.012441319,0.0048100655,0.01726744,0.009457976,0.002881611,0.0058255964,0.007616488,0.011220606,0.0052770567,0.0059396443,0.0017563584,0.006171492,0.0052782483,0.007886281,0.015782932,0.008252227,0.018391449,0.0053121345,0.012579617,0.0033041285,0.008753072,0.0045270603,0.010168112,0.00097290403,0.0064267786,0.0025379104,0.007245272,0.0061859125
0,0.009575403,0.005658167,0.0047295475,0.0017279281,0.0043497607,0.0077595892,0.0053222934,0.0041349474,0.0061774086,0.008622487,0.0028097418,0.003028974,0.0025722831,0.008592948,0.002959723,0.00089932984,0.008085573,0.01724724,0.029390529,0.009880364,0.011738813,0.02213793,0.0027674325,0.010829471,0.0075196787,0.00413313,0.007685844,0.008151899,0.0069662025,0.0027756656,0.00577585,0.009548949,0.008616224,0.0056027365,0.010299644,0.004762802,0.01429329,0.010612193,0.02648159,0.006964448,0.005587122,0.016420914,0.00885508,0.00462827,0.007859937,0.0015382108,0.004173672,0.021648424,0.00430448,0.0048699677,0.0071499893,0.004035838,0.0021831559,0.009608468,0.017491167,0.0048821517,0.0024836564,0.008020058,0.037987955,0.011880111,0.01886881,0.005542845,0.009669691,0.0058773034,0.010449065,0.0067303707,0.0045640487,0.0054695103,0.01261094,0.01310625,0.0043667415,0.0056121093,0.0052234572,0.0066631977,0.004338469,0.0039370786,0.019331014,0.06429496,0.0035856273,0.039480466,0.003518991,0.010943572,0.0043792664,0.0048848772,0.012048653,0.0055073127,0.003388018,0.0027144614,0.0075488486,0.0062393495,0.031519614,0.010982937,0.017220126,0.006936378,0.0028218906,0.0060202167,0.05313346,0.007185163,0.017091693,0.007644746,0.0028555589,0.016223574,0.0056943027,0.005974012,0.035487253,0.0066521666,0.00574499,0.0051349173,0.0018009224,0.005216675,0.010146716,0.0041810763,0.0300574,0.0051099607,0.017756779,0.008325864,0.005568887,0.0045209914,0.0046678935,0.002830809,0.05410652,0.0042535267,0.005365186,0.004613514,0.013248678,0.0072379974,0.018175371,0.004593722,0.005933378,0.009413954,0.0055992813,0.006713122,0.0052609844,0.0101663275,0.005895211,0.01720123,0.02133133,0.012481733,0.004305686,0.0064723575,0.010184202,0.015111356,0.0072560697,0.007920897,0.005414899,0.0035647743,0.007497143,0.0048558316,0.006937468,0.0058399024,0.022565378,0.0044521377,0.0083373,0.023420548,0.0044891047,0.042013384,0.014595973,0.0033497629,0.012259289,0.026125986,0.004148026,0.012502157,0.0010308836,0.0071830074,0.0081859855,0.005668645
0,0.011149653,0.0037083365,0.0031378279,0.003749517,0.00819867,0.0022683092,0.007464995,0.0037141808,0.0023762735,0.0058847526,0.0063420553,0.001997108,0.0012613955,0.0016417156,0.0077310014,0.022267167,0.024698367,0.0068866103,0.0074768434,0.0021982759,0.013269347,0.011390728,0.012539499,0.00201458,0.009823913,0.005393004,0.00930573,0.0038977372,0.005151391,0.004204569,0.005960368,0.001553358,0.003936067,0.0075754635,0.0014849904,0.005307508,0.0045570657,0.006402757,0.004858743,0.014843109,0.008672939,0.022571784,0.015202542,0.004607783,0.003693539,0.026045645,0.003873385,0.011217729,0.0024394186,0.002466462,0.0043160855,0.0011107117,0.0031190387,0.027354462,0.0033099768,0.0031624057,0.0050284546,0.0026750292,0.014386724,0.0014443685,0.0050585074,0.0019065631,0.0052572726,0.05506507,0.007231572,0.013274243,0.0033310922,0.009715295,0.0035963608,0.006651146,0.0039598225,0.0031422565,0.0041271066,0.024208592,0.0050888653,0.0029767826,0.0047951923,0.002764723,0.0023141098,0.018560179,0.087004796,0.0019993265,0.047001664,0.00238725,0.005363011,0.003896314,0.007776076,0.0026641,0.0032622246,0.0013982428,0.006859898,0.016462887,0.00446841,0.00847712,0.024949968,0.011426333,0.005599898,0.0018628982,0.012148029,0.003826141,0.0041439957,0.012006971,0.0045259604,0.007491188,0.0065766275,0.0018645525,0.01051519,0.014967037,0.0045250882,0.0031133222,0.028215991,0.0034309225,0.005234117,0.0034216582,0.0027940536,0.0016310442,0.0033384822,0.0036050586,0.0065698577,0.002473183,0.0066049756,0.02903753,0.004933931,0.015141433,0.0054953774,0.0033499186,0.0045526396,0.0027457844,0.049126223,0.0032107334,0.0023214093,0.0028900714,0.0028879917,0.018261774,0.008200958,0.021062722,0.0029440848,0.0061794957,0.0038823923,0.0034503052,0.0060680932,0.0035430016,0.0134841995,0.005875175,0.01601567,0.014601275,0.0027626099,0.013691975,0.023877708,0.014179129,0.0034386057,0.0017196703,0.0045690946,0.002988157,0.0034899025,0.03376955,0.0043163495,0.021219071,0.002905077,0.054778542,0.018838357,0.034093115,0.004531739,0.0043938635,0.010342292,0.0029605492
0,0.09994359,0.101441376,0.10005393,0.10746087,0.101116866,0.110646255,0.10112522,0.10554426,0.1096375,0.105550855,0.09915047,0.10142328,0.10175075,0.1048569,0.09895745,0.09852538,0.10110597,0.13062353,0.09970301,0.09962854,0.09855535,0.102804,0.09870425,0.09959287,0.09941157,0.099013984,0.102523066,0.0986919,0.09675164,0.11061558,0.10547887,0.09917262,0.10649694,0.098372005,0.11161713,0.101710126,0.10036224,0.11053879,0.100480326,0.10297255,0.10189554,0.098633304,0.09915439,0.10264721,0.09970951,0.10041659,0.10781549,0.10090593,0.106864646,0.10433259,0.09762582,0.10412312,0.10547999,0.10647104,0.10431942,0.09992096,0.1032347,0.10471138,0.10012983,0.09968521,0.11469637,0.10014553,0.09994776,0.097621895,0.099842384,0.10637508,0.10065131,0.10162127,0.103785396,0.101710185,0.09902075,0.09958838,0.100604445,0.10928855,0.10154755,0.110212125,0.102779016,0.10252298,0.09761786,0.099898376,0.10310057,0.10205792,0.09955999,0.09704127,0.09812423,0.115887746,0.12079228,0.10118156,0.0995989,0.09898609,0.10115394,0.10149283,0.099641494,0.09852625,0.10311101,0.099124834,0.09886231,0.1058529,0.10157344,0.098072864,0.102129534,0.10314906,0.099653274,0.09931879,0.13498224,0.09842069,0.1156946,0.09946411,0.103478335,0.10090808,0.10267167,0.099039786,0.108107485,0.114893414,0.10268857,0.14543839,0.10002657,0.10222458,0.12896141,0.10155762,0.10387216,0.09960279,0.1014022,0.10841732,0.10326182,0.10595968,0.09913257,0.103616744,0.11291333,0.10731511,0.09849614,0.09965598,0.098332845,0.0996674,0.12337988,0.097695835,0.10059062,0.1096277,0.105572335,0.09712686,0.103696585,0.1028847,0.10601791,0.1016578,0.10001173,0.09983634,0.104696736,0.09903683,0.100131005,0.10095996,0.10026413,0.10327385,0.11675753,0.117129594,0.10142013,0.09899042,0.1044527,0.09939041,0.1105333,0.09902873,0.09922023,0.10012935,0.09999753,0.10569307,0.10049857,0.11242
0,0.008588717,0.0043931766,0.004908048,0.0033803727,0.006285466,0.0040919157,0.0058155325,0.0072031664,0.0032001447,0.0054492466,0.0029009928,0.012231805,0.004682405,0.0076901503,0.014118796,0.0074353265,0.00284437,0.0077216537,0.014490506,0.005846834,0.0054647136,0.006519108,0.006938698,0.0041733384,0.006583382,0.0050781043,0.00628058,0.002146134,0.0076973727,0.005499699,0.010375009,0.011459621,0.0076367804,0.013633039,0.017653467,0.0070869704,0.004829683,0.013174745,0.0067798807,0.0037462655,0.0037222959,0.0038597463,0.01528681,0.0038398178,0.0021836772,0.006844134,0.003904137,0.0017018587,0.0087050125,0.017481197,0.005221485,0.0022534796,0.019210652,0.007010185,0.0012729373,0.03057595,0.009507857,0.0058455192,0.0071250442,0.006942487,0.00730069,0.0048356955,0.004359506,0.008014731,0.010115743,0.004286944,0.0041630743,0.0050011855,0.006701028,0.00433926,0.0039291186,0.015240925,0.009639127,0.024004355,0.0032395243,0.006103961,0.004812296,0.0041217264,0.007572972,0.013052848,0.0019909455,0.005969942,0.0071578664,0.02598922,0.008334958,0.014583654,0.006635855,0.002949404,0.009732643,0.016290575,0.0057159876,0.0038359733,0.036837697,0.0065244865,0.0072575402,0.011612316,0.0057106465,0.0029646282,0.00694297,0.011768666,0.0012061795,0.00556197,0.0056275562,0.025594546,0.0016432693,0.005090703,0.005451149,0.010234392,0.005060445,0.001857875,0.0060600345,0.0018481945,0.005424501,0.009925444,0.004518621,0.0070826835,0.025190514,0.005299773,0.011474604,0.007525884,0.005607579,0.0036949501,0.0028728656,0.045004886,0.005436178,0.0044382233,0.00499822,0.008677847,0.0061482033,0.0153974565,0.0046957484,0.0046189544,0.0057742125,0.0022526938,0.005886683,0.0026072245,0.008609591,0.0096307825,0.0055936216,0.013933391,0.008785571,0.019182798,0.008921475,0.004241142,0.0059796325,0.008010827,0.01065326,0.0052957954,0.0028011536,0.0075938716,0.0044689868,0.006988842,0.0037752162,0.01945875,0.0031909796,0.008801814,0.02098085,0.004700516,0.025161866,0.012174494,0.0032207756,0.013204591,0.0009774487,0.0061257384,0.007295712,0.0057976153
0,0.011122517,0.0046183206,0.004262574,0.008091797,0.0017784832,0.0041362634,0.0031076015,0.004836747,0.0063287662,0.0071261134,0.002837876,0.0013560742,0.012973409,0.0026076224,0.008986923,0.022271084,0.009048664,0.0074628224,0.025819084,0.0076128044,0.013808281,0.009862444,0.0101436265,0.0035009524,0.0063380175,0.0057814657,0.002888195,0.005980753,0.0024746575,0.008283921,0.0017949229,0.0060246577,0.008389291,0.0048600826,0.0123015735,0.0049101957,0.0047921594,0.0140226865,0.0026742662,0.0034203054,0.0050727827,0.0032184906,0.031638388,0.0053103915,0.0040734946,0.0021824297,0.004484917,0.006271082,0.0034568463,0.0020152472,0.0069818925,0.009860707,0.024719305,0.0024983909,0.014684125,0.0057619563,0.04800122,0.006658954,0.0148027,0.024881883,0.0056458367,0.009320288,0.007761818,0.0057597277,0.004203465,0.005825083,0.016312873,0.0052009383,0.0041490183,0.005173532,0.004377616,0.0037622063,0.019088693,0.013821358,0.07579053,0.042507302,0.0032108938,0.0057870657,0.006255755,0.0037143328,0.019632965,0.0040380755,0.0033419267,0.007249471,0.018700894,0.0056726187,0.009921766,0.02698378,0.0067701647,0.012319595,0.006970479,0.0025361315,0.014681634,0.0052170064,0.06060924,0.0062572677,0.008660718,0.022630407,0.0016690547,0.0035634418,0.006567269,0.030147195,0.004886588,0.0014378985,0.00571488,0.0051596086,0.0042926837,0.0029415635,0.012559188,0.0020138957,0.008596032,0.0052365684,0.031812053,0.004329323,0.0048914505,0.015512655,0.006675116,0.0051889666,0.0028943396,0.0032231843,0.0025594106,0.048074637,0.004898683,0.0032298951,0.0032530262,0.0043164417,0.015835252,0.0067251325,0.026618317,0.0049513513,0.008112959,0.0051228395,0.0052047097,0.0019818188,0.009242531,0.007965777,0.001041826,0.0049022012,0.01418697,0.0050438824,0.018082675,0.0051402203,0.0142220445,0.014136847,0.011110272,0.005050798,0.0024623661,0.0057710214,0.0048079817,0.006593559,0.026058113,0.0063504293,0.0075067542,0.021548148,0.0045894827,0.04650721,0.016806247,0.0032448235,0.013600077,0.030031273,0.0053134575,0.012717486,0.0012394736,0.0054939752,0.013281528,0.00541268
0,0.009466038,0.0037410834,0.001541154,0.002274037,0.0069269254,0.0032804764,0.0032460205,0.0043328474,0.0047415574,0.0021925515,0.002173486,0.017332593,0.015253333,0.0032899305,0.005858814,0.0052279388,0.02218323,0.009423769,0.007548213,0.0013043782,0.0047623613,0.0065591917,0.0020252138,0.0026887064,0.0047637625,0.0045860726,0.0025473286,0.0053363163,0.001068636,0.005424254,0.0046645273,0.0059483107,0.003973415,0.007963762,0.021810096,0.0037867292,0.0034272156,0.018980829,0.0031678563,0.009780399,0.002039141,0.0019366189,0.0013383471,0.0026056329,0.019673618,0.0030734157,0.0028299396,0.0043758377,0.0028199297,0.0011885434,0.005684546,0.0019265156,0.008612425,0.0042944527,0.0049057384,0.015778985,0.004064818,0.0055323415,0.0048856745,0.003972217,0.004466429,0.003012819,0.0033253233,0.009907559,0.019321337,0.0025196823,0.0042150477,0.0027906068,0.0030853695,0.0027663722,0.009814009,0.0012939236,0.038481995,0.0023739133,0.0030297558,0.0039434154,0.0054430626,0.0051627867,0.010452374,0.0026547443,0.0021538618,0.0013311971,0.005138743,0.022796588,0.010778535,0.001682671,0.004048835,0.0057400675,0.017438,0.007356648,0.018007174,0.004465494,0.002535514,0.0016371867,0.003937993,0.0034267644,0.0044077667,0.005147634,0.0042730905,0.020056184,0.001023746,0.0035074428,0.0047547985,0.019226646,0.003621042,0.0038166018,0.0039659827,0.006568053,0.0030633425,0.0019003059,0.0037179533,0.010505981,0.0063330648,0.0038690567,0.0060739517,0.024328988,0.00319219,0.013703746,0.00470772,0.0037002428,0.0028610863,0.0031768354,0.0019764737,0.03342981,0.002510674,0.002877609,0.010392223,0.004038825,0.039552927,0.017701533,0.0037853767,0.0035390025,0.0065202042,0.003980859,0.0037536514,0.006555772,0.006138767,0.000710583,0.0035602294,0.009225988,0.003748596,0.010881112,0.002800582,0.0036062426,0.009680446,0.01619873,0.007272569,0.0068232925,0.0027126868,0.0013614913,0.004069842,0.0038587141,0.0056685293,0.02033023,0.0027337396,0.006030606,0.014537137,0.0037065537,0.0128879715,0.009672372,0.027731203,0.003497991,0.0007156282,0.004069797,0.006876655,0.0045022503
0,0.02318984,0.02291055,0.022941867,0.022548426,0.022905432,0.023210736,0.023307132,0.023198687,0.022716694,0.022798287,0.023013163,0.023600701,0.023048922,0.023109203,0.023274845,0.022589069,0.02343984,0.023443546,0.023409631,0.022577222,0.023271402,0.022948856,0.023113875,0.022732334,0.023037417,0.023238959,0.022617716,0.023218608,0.022972811,0.023171408,0.02305836,0.023208126,0.023115268,0.023482872,0.02324814,0.023290912,0.023153245,0.02310318,0.022987332,0.023242168,0.022735216,0.022929361,0.023274617,0.023179589,0.022764204,0.022341767,0.023300642,0.022899654,0.02311725,0.02308809,0.023034759,0.023150854,0.02256461,0.023183536,0.023238163,0.023346769,0.02324149,0.02316968,0.02314238,0.022887133,0.023377553,0.023027377,0.023115292,0.02298539,0.023027865,0.02335529,0.023595609,0.023188045,0.023257969,0.022812769,0.022890847,0.023119446,0.023230929,0.023616368,0.022735825,0.022981588,0.023155045,0.02312737,0.0230708,0.023310997,0.022934858,0.023222772,0.02331312,0.023111742,0.023338355,0.023349708,0.023021692,0.023309981,0.02321106,0.022696609,0.022827119,0.023203716,0.02363778,0.023150574,0.022983719,0.023505326,0.023150438,0.023116518,0.023424314,0.022876997,0.023031304,0.023478063,0.023191446,0.022907492,0.023008028,0.022507554,0.022873145,0.023824548,0.022303486,0.023041107,0.023460655,0.023207558,0.023347687,0.02358025,0.023615785,0.022910519,0.023473509,0.023102595,0.023271566,0.02340414,0.022813391,0.02304226,0.02347651,0.022985615,0.023264805,0.022933042,0.023369785,0.023039555,0.023256274,0.023162797,0.023434663,0.02274277,0.023331275,0.022845665,0.02291173,0.023050152,0.022780037,0.023516268,0.021193549,0.022968402,0.023337185,0.02300906,0.023222564,0.023252958,0.022795556,0.02298834,0.02381213,0.023202375,0.023016686,0.023131836,0.022851914,0.02293916,0.023326,0.023008246,0.023167316,0.023299415,0.022823269,0.023389945,0.02284922,0.023555538,0.023426581,0.023119975,0.022058964,0.023250477,0.023099123,0.023040345
0,0.008088854,0.0030434262,0.0030648706,0.0011998987,0.0015537041,0.0021563855,0.0052687484,0.0031749818,0.0025559806,0.004501541,0.001815318,0.0019154925,0.0010857421,0.0016738501,0.007475248,0.0008224498,0.005494306,0.012604096,0.015428088,0.0028290716,0.004556265,0.015384096,0.0014300839,0.00736879,0.009084926,0.0013624026,0.005412544,0.0023923726,0.004509116,0.0065384097,0.004170486,0.003879373,0.005904779,0.0012964284,0.0047896337,0.003894806,0.005443468,0.0076170606,0.018515399,0.0036013916,0.0037800418,0.007760859,0.002159632,0.00268636,0.018574174,0.0033802777,0.0023780717,0.003922675,0.0026222416,0.008291108,0.0012683687,0.0047672363,0.018452875,0.003198636,0.0016022873,0.009354883,0.004221345,0.0008583888,0.041271534,0.0038307474,0.007608994,0.022184214,0.0036107118,0.00461231,0.004079393,0.0047431886,0.0039393757,0.0027190568,0.0033089188,0.008712133,0.0025143214,0.004070998,0.0030145224,0.00448007,0.0029411372,0.002478195,0.0078322645,0.0014578181,0.03314953,0.0020767022,0.0055375197,0.0024668525,0.0024613792,0.004740779,0.0029184169,0.004670154,0.0034399603,0.014897999,0.0034735794,0.0071245213,0.014117449,0.004293456,0.0023628643,0.0138286445,0.0037492192,0.003397626,0.0060059833,0.0044208667,0.0068545886,0.0053679785,0.014904733,0.0033210989,0.0041495548,0.017714074,0.0011597753,0.004559248,0.0030758874,0.008933554,0.0030601781,0.0016826638,0.009703526,0.0011868599,0.003315174,0.005587484,0.0033464052,0.021759653,0.003244782,0.012508356,0.0045753056,0.0034509315,0.002423218,0.001989366,0.03184013,0.0033281504,0.0025415837,0.0028901375,0.011615327,0.00473882,0.018925242,0.0033486343,0.0035774151,0.0036579552,0.0016703471,0.0036454084,0.0029453307,0.001414847,0.0053279176,0.0053176708,0.0007772056,0.0031370763,0.008314595,0.0099751,0.007968362,0.0025631932,0.008512699,0.0124343205,0.006758618,0.0026358815,0.0017161188,0.003830773,0.0033367751,0.004321055,0.01768983,0.002645705,0.004798463,0.01273476,0.003382479,0.011035115,0.0021056521,0.008525063,0.0034358434,0.010505311,0.0036033222,0.001954554,0.0066475426,0.0035384493
0,0.008786813,0.00343081,0.003940966,0.0032439881,0.0038074986,0.0035771774,0.0047508916,0.0020901065,0.0024017524,0.0021323164,0.0028334134,0.0009698435,0.0061242175,0.017017609,0.021382935,0.0037676627,0.0072138817,0.0062818658,0.021129379,0.007066374,0.010214784,0.0016421002,0.005061143,0.002700119,0.0072091124,0.0028962258,0.0031371536,0.005157296,0.008115583,0.0048845713,0.0026242624,0.005640916,0.0019762923,0.00910212,0.005920084,0.005349501,0.007464044,0.0037009409,0.013353897,0.008622454,0.0054271542,0.004078074,0.016195044,0.002999823,0.005286677,0.0012176161,0.0033184132,0.018835831,0.0035257812,0.0037530987,0.0052985814,0.0030256968,0.0014353292,0.006729848,0.013869224,0.0059001795,0.00094512233,0.004632199,0.0046356022,0.006356131,0.0050858,0.007444126,0.004815371,0.0034492055,0.0036039008,0.009131701,0.015522284,0.0029027807,0.003404563,0.0052846386,0.0034991496,0.0030031577,0.01847421,0.0017924297,0.032864634,0.0026746234,0.005393687,0.0035923545,0.0032069173,0.0059276684,0.010079118,0.0037312503,0.0015989178,0.0070734476,0.011038243,0.004487558,0.019139715,0.00502415,0.005319515,0.0025222567,0.0019592983,0.0076915007,0.014445076,0.0044584936,0.0039163264,0.0053676553,0.009025485,0.0017472584,0.0084608905,0.018280398,0.0051827333,0.0046607805,0.021374613,0.00384853,0.005555302,0.0047316914,0.009379644,0.0037737978,0.0017327137,0.011623897,0.001544075,0.0046002916,0.0066854875,0.0038359184,0.017110936,0.004435072,0.013066965,0.0054592383,0.0041114287,0.0027308133,0.0047037513,0.002395617,0.03606131,0.0032849405,0.0038913852,0.012616113,0.0052024433,0.021016857,0.0035547668,0.005601318,0.004613825,0.0023335046,0.0045380653,0.003501786,0.0017309667,0.006693523,0.0072889565,0.004121625,0.010094151,0.014117701,0.010777183,0.0037260554,0.0042317337,0.0099821985,0.014936256,0.00712184,0.003577762,0.002345817,0.005165025,0.0040320354,0.005454148,0.005144951,0.020302305,0.0033111258,0.006316364,0.015660746,0.003965499,0.03636885,0.010801316,0.0025683187,0.009632415,0.00079387735,0.0049561253,0.0026812954,0.008213647,0.004422248
0,0.01900307,0.0022278544,0.005535621,0.007465133,0.011955323,0.0033683663,0.005907192,0.0056204335,0.0073601934,0.0046573794,0.0030493017,0.019591743,0.0022729675,0.004595844,0.013228565,0.020704314,0.0021677003,0.0067374543,0.005616304,0.0026850111,0.005655496,0.015947744,0.0038219788,0.009092321,0.005272566,0.0033596696,0.009156976,0.0069800904,0.0046274266,0.0062800474,0.005426521,0.004808456,0.004911489,0.0049679065,0.0031742048,0.0061878976,0.008418899,0.006748504,0.010505882,0.0035644106,0.004104659,0.010254533,0.0039093196,0.0040793503,0.0027535916,0.008342541,0.004645857,0.015176573,0.01027121,0.015643105,0.005985162,0.004638558,0.006030415,0.004187693,0.008149682,0.00997066,0.003580573,0.0029701893,0.026007943,0.0060978946,0.008589062,0.0038937905,0.0063802176,0.019265736,0.042710636,0.0070141894,0.010471078,0.0056782803,0.0038414816,0.005691501,0.010928557,0.06581072,0.0027697366,0.007120381,0.006337345,0.0061916076,0.005349405,0.004840944,0.023111602,0.0034961994,0.0065295724,0.008939247,0.039365593,0.014999494,0.0031241402,0.0033465757,0.0044483775,0.026291586,0.0066892914,0.009806153,0.005395933,0.0061498843,0.0072550294,0.0041586957,0.017618315,0.0055153803,0.010159635,0.007485979,0.02104161,0.002807848,0.005335253,0.06589454,0.0030465354,0.0052562277,0.007252313,0.0042646467,0.0029056876,0.0081538,0.004565975,0.0033498933,0.005252716,0.0058845906,0.007300241,0.022493783,0.00648684,0.011275697,0.05829596,0.0053845015,0.013024178,0.008657501,0.006605877,0.003838671,0.09160277,0.0029319017,0.003377023,0.009364817,0.005505067,0.0079133455,0.009263373,0.005472764,0.0038053547,0.0057034595,0.0064567165,0.0059206425,0.00450783,0.0054194047,0.0063942983,0.0037951986,0.009764783,0.01421395,0.004518205,0.020046132,0.011958213,0.015054432,0.005106432,0.0152749065,0.014395618,0.00782364,0.00806682,0.01062831,0.0040850034,0.0043457253,0.0069856127,0.0061865603,0.01686277,0.0062737362,0.02863235,0.006604587,0.016191468,0.010587423,0.02778931,0.002426487,0.01163505,0.010889865,0.007012393,0.005573619
